product_id,type,air_temperature,process_temperature,rotational_speed,torque,tool_wear
machine_01,M,298.5,309.1,1495,39.2,0.0
machine_01,M,298.5,309.1,1500,39.8,0.0
machine_01,M,298.5,309.1,1505,40.4,0.0
machine_01,M,298.5,309.1,1510,41.1,0.1
machine_01,M,298.5,309.1,1515,41.7,0.1
machine_01,M,298.5,309.1,1520,42.3,0.1
machine_01,M,298.5,309.1,1525,42.9,0.1
machine_01,M,298.5,309.1,1529,43.5,0.1
machine_01,M,298.5,309.1,1533,44.1,0.2
machine_01,M,298.5,309.1,1536,42.8,0.2
machine_01,M,298.5,309.1,1540,43.4,0.2
machine_01,M,298.5,309.1,1532,44.0,0.2
machine_01,M,298.5,309.1,1534,44.5,0.2
machine_01,M,298.5,309.1,1536,45.0,0.3
machine_01,M,298.5,309.1,1538,45.6,0.3
machine_01,M,298.6,309.1,1539,46.1,0.3
machine_01,M,298.6,309.1,1540,46.5,0.3
machine_01,M,298.6,309.1,1540,47.0,0.3
machine_01,M,298.6,309.1,1540,45.7,0.4
machine_01,M,298.6,309.1,1540,46.1,0.4
machine_01,M,298.6,309.1,1539,46.5,0.4
machine_01,M,298.6,309.1,1537,46.9,0.4
machine_01,M,298.6,309.1,1525,47.3,0.4
machine_01,M,298.6,309.1,1523,47.7,0.5
machine_01,M,298.6,309.1,1521,48.0,0.5
machine_01,M,298.6,309.1,1518,48.3,0.5
machine_01,M,298.6,309.1,1515,48.6,0.5
machine_01,M,298.6,309.1,1512,47.1,0.5
machine_01,M,298.6,309.1,1509,47.4,0.6
machine_01,M,298.6,309.2,1506,47.6,0.6
machine_01,M,298.6,309.2,1503,47.8,0.6
machine_01,M,298.6,309.2,1500,48.0,0.6
machine_01,M,298.6,309.2,1497,48.2,0.6
machine_01,M,298.6,309.2,1483,48.3,0.7
machine_01,M,298.6,309.2,1480,48.4,0.7
machine_01,M,298.6,309.2,1477,48.5,0.7
machine_01,M,298.6,309.2,1474,46.8,0.7
machine_01,M,298.6,309.2,1472,46.9,0.7
machine_01,M,298.6,309.2,1470,46.9,0.8
machine_01,M,298.6,309.2,1469,46.9,0.8
machine_01,M,298.6,309.2,1467,46.9,0.8
machine_01,M,298.6,309.2,1466,46.9,0.8
machine_01,M,298.6,309.2,1466,46.9,0.8
machine_01,M,298.6,309.2,1466,46.8,0.9
machine_01,M,298.7,309.2,1455,46.7,0.9
machine_01,M,298.7,309.2,1456,44.9,0.9
machine_01,M,298.7,309.2,1457,44.8,0.9
machine_01,M,298.7,309.2,1459,44.6,0.9
machine_01,M,298.7,309.2,1461,44.5,1.0
machine_01,M,298.7,309.2,1463,44.4,1.0
machine_01,M,298.7,309.2,1466,44.2,1.0
machine_01,M,298.7,309.2,1470,44.0,1.0
machine_01,M,298.7,309.2,1473,43.9,1.0
machine_01,M,298.7,309.2,1477,43.7,1.1
machine_01,M,298.7,309.2,1481,41.7,1.1
machine_01,M,298.7,309.2,1475,41.5,1.1
machine_01,M,298.7,309.2,1480,41.3,1.1
machine_01,M,298.7,309.2,1485,41.1,1.1
machine_01,M,298.7,309.2,1490,40.8,1.2
machine_01,M,298.7,309.2,1495,40.6,1.2
machine_01,M,298.7,309.2,1500,40.4,1.2
machine_01,M,298.7,309.2,1505,40.2,1.2
machine_01,M,298.7,309.2,1510,40.0,1.2
machine_01,M,298.7,309.2,1515,37.9,1.3
machine_01,M,298.7,309.2,1520,37.7,1.3
machine_01,M,298.7,309.2,1525,37.5,1.3
machine_01,M,298.7,309.2,1519,37.3,1.3
machine_01,M,298.7,309.2,1523,37.1,1.3
machine_01,M,298.7,309.2,1527,36.9,1.4
machine_01,M,298.7,309.2,1530,36.8,1.4
machine_01,M,298.7,309.2,1534,36.6,1.4
machine_01,M,298.7,309.2,1537,36.4,1.4
machine_01,M,298.7,309.2,1539,34.5,1.4
machine_01,M,298.8,309.2,1541,34.4,1.5
machine_01,M,298.8,309.2,1543,34.2,1.5
machine_01,M,298.8,309.2,1544,34.1,1.5
machine_01,M,298.8,309.2,1545,34.1,1.5
machine_01,M,298.8,309.2,1534,34.0,1.5
machine_01,M,298.8,309.2,1534,33.9,1.6
machine_01,M,298.8,309.2,1534,33.9,1.6
machine_01,M,298.8,309.3,1533,33.9,1.6
machine_01,M,298.8,309.3,1531,32.1,1.6
machine_01,M,298.8,309.3,1530,32.1,1.6
machine_01,M,298.8,309.3,1528,32.1,1.7
machine_01,M,298.8,309.3,1526,32.2,1.7
machine_01,M,298.8,309.3,1523,32.3,1.7
machine_01,M,298.8,309.3,1520,32.4,1.7
machine_01,M,298.8,309.3,1517,32.5,1.7
machine_01,M,298.8,309.3,1503,32.6,1.8
machine_01,M,298.8,309.3,1500,32.8,1.8
machine_01,M,298.8,309.3,1497,31.2,1.8
machine_01,M,298.8,309.3,1494,31.4,1.8
machine_01,M,298.8,309.3,1491,31.6,1.8
machine_01,M,298.8,309.3,1488,31.9,1.9
machine_01,M,298.8,309.3,1485,32.2,1.9
machine_01,M,298.8,309.3,1482,32.5,1.9
machine_01,M,298.8,309.3,1479,32.8,1.9
machine_01,M,298.8,309.3,1477,33.1,1.9
machine_01,M,298.8,309.3,1475,33.5,2.0
machine_01,M,298.8,309.3,1463,32.1,2.0
machine_01,M,298.8,309.3,1461,32.5,2.0
machine_01,M,298.8,309.3,1460,32.9,2.0
machine_01,M,298.8,309.3,1460,33.3,2.0
machine_01,M,298.8,309.3,1460,33.8,2.1
machine_01,M,298.9,309.3,1460,34.3,2.1
machine_01,M,298.9,309.3,1461,34.7,2.1
machine_01,M,298.9,309.3,1462,35.2,2.1
machine_01,M,298.9,309.3,1464,35.8,2.1
machine_01,M,298.9,309.3,1466,34.5,2.2
machine_01,M,298.9,309.3,1468,35.0,2.2
machine_01,M,298.9,309.3,1460,35.6,2.2
machine_01,M,298.9,309.3,1464,36.2,2.2
machine_01,M,298.9,309.3,1467,36.7,2.2
machine_01,M,298.9,309.3,1471,37.3,2.3
machine_01,M,298.9,309.3,1475,37.9,2.3
machine_01,M,298.9,309.3,1480,38.5,2.3
machine_01,M,298.9,309.3,1485,39.1,2.3
machine_01,M,298.9,309.3,1490,37.9,2.3
machine_01,M,298.9,309.3,1495,38.6,2.4
machine_01,M,298.9,309.3,1500,39.2,2.4
machine_01,M,298.9,309.3,1505,39.8,2.4
machine_01,M,298.9,309.3,1499,40.4,2.4
machine_01,M,298.9,309.3,1504,41.0,2.4
machine_01,M,298.9,309.3,1509,41.7,2.5
machine_01,M,298.9,309.3,1514,42.3,2.5
machine_01,M,298.9,309.3,1519,42.9,2.5
machine_01,M,298.9,309.3,1524,41.7,2.5
machine_01,M,298.9,309.3,1528,42.3,2.5
machine_01,M,298.9,309.3,1532,42.9,2.6
machine_01,M,298.9,309.3,1535,43.4,2.6
machine_01,M,298.9,309.3,1539,44.0,2.6
machine_01,M,298.9,309.3,1542,44.6,2.6
machine_01,M,298.9,309.3,1533,45.1,2.6
machine_01,M,298.9,309.3,1535,45.6,2.7
machine_01,M,298.9,309.3,1537,46.2,2.7
machine_01,M,298.9,309.3,1538,44.9,2.7
machine_01,M,298.9,309.3,1539,45.3,2.7
machine_01,M,299.0,309.3,1539,45.8,2.7
machine_01,M,299.0,309.3,1539,46.3,2.8
machine_01,M,299.0,309.3,1539,46.7,2.8
machine_01,M,299.0,309.3,1538,47.1,2.8
machine_01,M,299.0,309.3,1536,47.5,2.8
machine_01,M,299.0,309.3,1535,47.9,2.8
machine_01,M,299.0,309.3,1522,48.3,2.9
machine_01,M,299.0,309.3,1520,46.8,2.9
machine_01,M,299.0,309.3,1517,47.1,2.9
machine_01,M,299.0,309.3,1514,47.4,2.9
machine_01,M,299.0,309.3,1511,47.7,2.9
machine_01,M,299.0,309.3,1508,48.0,3.0
machine_01,M,299.0,309.3,1505,48.2,3.0
machine_01,M,299.0,309.3,1502,48.4,3.0
machine_01,M,299.0,309.3,1499,48.6,3.0
machine_01,M,299.0,309.4,1496,48.8,3.0
machine_01,M,299.0,309.4,1493,47.1,3.1
machine_01,M,299.0,309.4,1479,47.2,3.1
machine_01,M,299.0,309.4,1476,47.3,3.1
machine_01,M,299.0,309.4,1473,47.4,3.1
machine_01,M,299.0,309.4,1471,47.5,3.1
machine_01,M,299.0,309.4,1469,47.5,3.2
machine_01,M,299.0,309.4,1468,47.5,3.2
machine_01,M,299.0,309.4,1466,47.5,3.2
machine_01,M,299.0,309.4,1465,47.5,3.2
machine_01,M,299.0,309.4,1465,45.7,3.2
machine_01,M,299.0,309.4,1465,45.6,3.3
machine_01,M,299.0,309.4,1465,45.5,3.3
machine_01,M,299.0,309.4,1455,45.5,3.3
machine_01,M,299.0,309.4,1456,45.4,3.3
machine_01,M,299.0,309.4,1458,45.2,3.3
machine_01,M,299.0,309.4,1460,45.1,3.4
machine_01,M,299.0,309.4,1462,45.0,3.4
machine_01,M,299.0,309.4,1465,44.8,3.4
machine_01,M,299.0,309.4,1469,42.8,3.4
machine_01,M,299.0,309.4,1472,42.7,3.4
machine_01,M,299.0,309.4,1476,42.5,3.5
machine_01,M,299.1,309.4,1480,42.3,3.5
machine_01,M,299.1,309.4,1485,42.1,3.5
machine_01,M,299.1,309.4,1479,41.9,3.5
machine_01,M,299.1,309.4,1484,41.7,3.5
machine_01,M,299.1,309.4,1489,41.4,3.6
machine_01,M,299.1,309.4,1494,41.2,3.6
machine_01,M,299.1,309.4,1499,39.2,3.6
machine_01,M,299.1,309.4,1504,39.0,3.6
machine_01,M,299.1,309.4,1509,38.8,3.6
machine_01,M,299.1,309.4,1514,38.5,3.7
machine_01,M,299.1,309.4,1519,38.3,3.7
machine_01,M,299.1,309.4,1524,38.1,3.7
machine_01,M,299.1,309.4,1529,37.9,3.7
machine_01,M,299.1,309.4,1522,37.7,3.7
machine_01,M,299.1,309.4,1526,37.5,3.8
machine_01,M,299.1,309.4,1529,35.6,3.8
machine_01,M,299.1,309.4,1533,35.4,3.8
machine_01,M,299.1,309.4,1536,35.2,3.8
machine_01,M,299.1,309.4,1538,35.1,3.8
machine_01,M,299.1,309.4,1540,35.0,3.9
machine_01,M,299.1,309.4,1542,34.8,3.9
machine_01,M,299.1,309.4,1543,34.7,3.9
machine_01,M,299.1,309.4,1544,34.7,3.9
machine_01,M,299.1,309.4,1544,34.6,3.9
machine_01,M,299.1,309.4,1533,32.7,4.0
machine_01,M,299.1,309.4,1533,32.7,4.0
machine_01,M,299.1,309.4,1532,32.7,4.0
machine_01,M,299.1,309.4,1530,32.7,4.0
machine_01,M,299.1,309.4,1529,32.7,4.0
machine_01,M,299.1,309.4,1527,32.7,4.1
machine_01,M,299.1,309.4,1525,32.8,4.1
machine_01,M,299.1,309.4,1522,32.9,4.1
machine_01,M,299.1,309.4,1519,33.0,4.1
machine_01,M,299.1,309.4,1516,31.3,4.1
machine_01,M,299.1,309.4,1513,31.4,4.2
machine_01,M,299.1,309.4,1499,31.6,4.2
machine_01,M,299.1,309.4,1496,31.8,4.2
machine_01,M,299.1,309.4,1493,32.0,4.2
machine_01,M,299.1,309.4,1490,32.2,4.2
machine_01,M,299.1,309.4,1487,32.5,4.3
machine_01,M,299.1,309.4,1484,32.8,4.3
machine_01,M,299.1,309.4,1481,33.1,4.3
machine_01,M,299.1,309.4,1478,31.6,4.3
machine_01,M,299.1,309.4,1476,31.9,4.3
machine_01,M,299.2,309.4,1474,32.3,4.4
machine_01,M,299.2,309.4,1473,32.7,4.4
machine_01,M,299.2,309.4,1460,33.1,4.4
machine_01,M,299.2,309.4,1459,33.5,4.4
machine_01,M,299.2,309.4,1459,33.9,4.4
machine_01,M,299.2,309.4,1459,34.4,4.5
machine_01,M,299.2,309.4,1459,34.9,4.5
machine_01,M,299.2,309.4,1460,33.5,4.5
machine_01,M,299.2,309.4,1461,34.0,4.5
machine_01,M,299.2,309.4,1463,34.6,4.5
machine_01,M,299.2,309.4,1465,35.1,4.6
machine_01,M,299.2,309.4,1467,35.6,4.6
machine_01,M,299.2,309.4,1470,36.2,4.6
machine_01,M,299.2,309.4,1463,36.8,4.6
machine_01,M,299.2,309.4,1466,37.3,4.6
machine_01,M,299.2,309.4,1470,37.9,4.7
machine_01,M,299.2,309.4,1474,36.7,4.7
machine_01,M,299.2,309.4,1479,37.3,4.7
machine_01,M,299.2,309.4,1484,37.9,4.7
machine_01,M,299.2,309.4,1489,38.5,4.7
machine_01,M,299.2,309.4,1494,39.2,4.8
machine_01,M,299.2,309.4,1499,39.8,4.8
machine_01,M,299.2,309.4,1504,40.4,4.8
machine_01,M,299.2,309.4,1509,41.0,4.8
machine_01,M,299.2,309.4,1503,41.6,4.8
machine_01,M,299.2,309.4,1508,40.5,4.9
machine_01,M,299.2,309.4,1513,41.1,4.9
machine_01,M,299.2,309.4,1518,41.7,4.9
machine_01,M,299.2,309.4,1523,42.3,4.9
machine_01,M,299.2,309.4,1527,42.9,4.9
machine_01,M,299.2,309.4,1531,43.5,5.0
machine_01,M,299.2,309.4,1534,44.0,5.0
machine_01,M,299.2,309.4,1538,44.6,5.0
machine_01,M,299.2,309.4,1541,45.2,5.0
machine_01,M,299.2,309.4,1543,43.9,5.0
machine_01,M,299.2,309.4,1534,44.4,5.1
machine_01,M,299.2,309.4,1536,45.0,5.1
machine_01,M,299.2,309.4,1537,45.5,5.1
machine_01,M,299.2,309.4,1538,45.9,5.1
machine_01,M,299.2,309.4,1538,46.4,5.1
machine_01,M,299.2,309.4,1538,46.9,5.2
machine_01,M,299.2,309.4,1538,47.3,5.2
machine_01,M,299.2,309.4,1537,47.7,5.2
machine_01,M,299.2,309.4,1535,46.3,5.2
machine_01,M,299.2,309.4,1534,46.7,5.2
machine_01,M,299.2,309.4,1532,47.1,5.3
machine_01,M,299.2,309.4,1519,47.4,5.3
machine_01,M,299.2,309.4,1516,47.7,5.3
machine_01,M,299.2,309.4,1513,48.0,5.3
machine_01,M,299.2,309.4,1510,48.3,5.3
machine_01,M,299.2,309.4,1507,48.6,5.4
machine_01,M,299.2,309.4,1504,48.8,5.4
machine_01,M,299.2,309.4,1501,47.2,5.4
machine_01,M,299.2,309.4,1498,47.4,5.4
machine_01,M,299.2,309.4,1495,47.6,5.4
machine_01,M,299.2,309.4,1492,47.7,5.5
machine_01,M,299.2,309.4,1489,47.8,5.5
machine_01,M,299.2,309.4,1475,47.9,5.5
machine_01,M,299.2,309.4,1472,48.0,5.5
machine_01,M,299.2,309.4,1470,48.1,5.5
machine_01,M,299.2,309.4,1468,48.1,5.6
machine_01,M,299.3,309.4,1467,46.3,5.6
machine_01,M,299.3,309.4,1465,46.3,5.6
machine_01,M,299.3,309.4,1464,46.3,5.6
machine_01,M,299.3,309.4,1464,46.3,5.6
machine_01,M,299.3,309.4,1464,46.2,5.7
machine_01,M,299.3,309.4,1464,46.1,5.7
machine_01,M,299.3,309.4,1465,46.1,5.7
machine_01,M,299.3,309.4,1455,46.0,5.7
machine_01,M,299.3,309.4,1457,45.8,5.7
machine_01,M,299.3,309.4,1459,43.9,5.8
machine_01,M,299.3,309.4,1461,43.8,5.8
machine_01,M,299.3,309.4,1464,43.6,5.8
machine_01,M,299.3,309.4,1468,43.4,5.8
machine_01,M,299.3,309.4,1471,43.3,5.8
machine_01,M,299.3,309.4,1475,43.1,5.9
machine_01,M,299.3,309.4,1479,42.9,5.9
machine_01,M,299.3,309.4,1484,42.7,5.9
machine_01,M,299.3,309.4,1489,42.5,5.9
machine_01,M,299.3,309.4,1483,40.5,5.9
machine_01,M,299.3,309.4,1488,40.2,6.0
machine_01,M,299.3,309.4,1493,40.0,6.0
machine_01,M,299.3,309.4,1498,39.8,6.0
machine_01,M,299.3,309.4,1503,39.6,6.0
machine_01,M,299.3,309.4,1508,39.4,6.0
machine_01,M,299.3,309.4,1513,39.1,6.1
machine_01,M,299.3,309.4,1518,38.9,6.1
machine_01,M,299.3,309.4,1523,38.7,6.1
machine_01,M,299.3,309.4,1528,36.7,6.1
machine_01,M,299.3,309.4,1532,36.5,6.1
machine_01,M,299.3,309.4,1525,36.3,6.2
machine_01,M,299.3,309.4,1528,36.2,6.2
machine_01,M,299.3,309.4,1532,36.0,6.2
machine_01,M,299.3,309.4,1535,35.8,6.2
machine_01,M,299.3,309.4,1537,35.7,6.2
machine_01,M,299.3,309.4,1539,35.6,6.3
machine_01,M,299.3,309.4,1541,35.4,6.3
machine_01,M,299.3,309.4,1542,33.5,6.3
machine_01,M,299.3,309.4,1543,33.5,6.3
machine_01,M,299.3,309.4,1543,33.4,6.3
machine_01,M,299.3,309.4,1543,33.3,6.4
machine_01,M,299.3,309.4,1532,33.3,6.4
machine_01,M,299.3,309.4,1531,33.3,6.4
machine_01,M,299.3,309.4,1529,33.3,6.4
machine_01,M,299.3,309.4,1528,33.3,6.4
machine_01,M,299.3,309.4,1526,33.3,6.5
machine_01,M,299.3,309.4,1524,31.6,6.5
machine_01,M,299.3,309.4,1521,31.7,6.5
machine_01,M,299.3,309.4,1518,31.8,6.5
machine_01,M,299.3,309.4,1515,31.9,6.5
machine_01,M,299.3,309.4,1512,32.0,6.6
machine_01,M,299.3,309.4,1509,32.2,6.6
machine_01,M,299.3,309.4,1495,32.4,6.6
machine_01,M,299.3,309.4,1492,32.6,6.6
machine_01,M,299.3,309.4,1489,32.8,6.6
machine_01,M,299.3,309.4,1486,31.3,6.7
machine_01,M,299.3,309.4,1483,31.6,6.7
machine_01,M,299.3,309.4,1480,31.9,6.7
machine_01,M,299.3,309.4,1477,32.2,6.7
machine_01,M,299.3,309.4,1475,32.5,6.7
machine_01,M,299.3,309.4,1473,32.9,6.8
machine_01,M,299.3,309.4,1472,33.3,6.8
machine_01,M,299.3,309.3,1470,33.7,6.8
machine_01,M,299.3,309.3,1458,34.1,6.8
machine_01,M,299.3,309.3,1458,32.7,6.8
machine_01,M,299.3,309.3,1458,33.2,6.9
machine_01,M,299.3,309.3,1458,33.7,6.9
machine_01,M,299.3,309.3,1459,34.1,6.9
machine_01,M,299.3,309.3,1460,34.6,6.9
machine_01,M,299.3,309.3,1462,35.2,6.9
machine_01,M,299.3,309.3,1464,35.7,7.0
machine_01,M,299.3,309.3,1466,36.2,7.0
machine_01,M,299.3,309.3,1469,36.8,7.0
machine_01,M,299.3,309.3,1473,35.6,7.0
machine_01,M,299.3,309.3,1465,36.1,7.0
machine_01,M,299.3,309.3,1469,36.7,7.1
machine_01,M,299.3,309.3,1473,37.3,7.1
machine_01,M,299.3,309.3,1478,37.9,7.1
machine_01,M,299.3,309.3,1483,38.5,7.1
machine_01,M,299.3,309.3,1488,39.1,7.1
machine_01,M,299.3,309.3,1493,39.8,7.2
machine_01,M,299.3,309.3,1498,40.4,7.2
machine_01,M,299.3,309.3,1503,39.2,7.2
machine_01,M,299.3,309.3,1508,39.8,7.2
machine_01,M,299.3,309.3,1513,40.4,7.2
machine_01,M,299.3,309.3,1507,41.1,7.3
machine_01,M,299.3,309.3,1512,41.7,7.3
machine_01,M,299.3,309.3,1517,42.3,7.3
machine_01,M,299.3,309.3,1522,42.9,7.3
machine_01,M,299.3,309.3,1526,43.5,7.3
machine_01,M,299.3,309.3,1530,44.1,7.4
machine_01,M,299.3,309.3,1533,42.8,7.4
machine_01,M,299.3,309.3,1537,43.4,7.4
machine_01,M,299.3,309.3,1540,44.0,7.4
machine_01,M,299.3,309.3,1542,44.5,7.4
machine_01,M,299.3,309.3,1544,45.0,7.5
machine_01,M,299.3,309.3,1535,45.6,7.5
machine_01,M,299.3,309.3,1536,46.1,7.5
machine_01,M,299.3,309.3,1537,46.5,7.5
machine_01,M,299.3,309.3,1537,47.0,7.5
machine_01,M,299.3,309.3,1537,45.7,7.6
machine_01,M,299.3,309.3,1537,46.1,7.6
machine_01,M,299.3,309.3,1536,46.5,7.6
machine_01,M,299.3,309.3,1534,46.9,7.6
machine_01,M,299.3,309.3,1533,47.3,7.6
machine_01,M,299.3,309.3,1531,47.7,7.7
machine_01,M,299.3,309.3,1529,48.0,7.7
machine_01,M,299.3,309.3,1515,48.3,7.7
machine_01,M,299.3,309.3,1512,48.6,7.7
machine_01,M,299.3,309.3,1509,47.1,7.7
machine_01,M,299.3,309.3,1506,47.4,7.8
machine_01,M,299.3,309.3,1503,47.6,7.8
machine_01,M,299.3,309.3,1500,47.8,7.8
machine_01,M,299.3,309.3,1497,48.0,7.8
machine_01,M,299.3,309.3,1494,48.2,7.8
machine_01,M,299.3,309.3,1491,48.3,7.9
machine_01,M,299.3,309.3,1488,48.4,7.9
machine_01,M,299.3,309.3,1485,48.5,7.9
machine_01,M,299.3,309.3,1471,46.8,7.9
machine_01,M,299.3,309.3,1469,46.9,7.9
machine_01,M,299.3,309.3,1467,46.9,8.0
machine_01,M,299.3,309.3,1466,46.9,8.0
machine_01,M,299.3,309.3,1464,46.9,8.0
machine_01,M,299.3,309.3,1463,46.9,8.0
machine_01,M,299.3,309.3,1463,46.9,8.0
machine_01,M,299.3,309.3,1463,46.8,8.1
machine_01,M,299.3,309.3,1463,46.7,8.1
machine_01,M,299.3,309.3,1464,44.9,8.1
machine_01,M,299.3,309.3,1465,44.8,8.1
machine_01,M,299.3,309.3,1456,44.6,8.1
machine_01,M,299.3,309.3,1458,44.5,8.2
machine_01,M,299.3,309.3,1460,44.4,8.2
machine_01,M,299.3,309.3,1463,44.2,8.2
machine_01,M,299.3,309.3,1467,44.0,8.2
machine_01,M,299.3,309.2,1470,43.9,8.2
machine_01,M,299.3,309.2,1474,43.7,8.3
machine_01,M,299.3,309.2,1478,41.7,8.3
machine_01,M,299.3,309.2,1483,41.5,8.3
machine_01,M,299.3,309.2,1488,41.3,8.3
machine_01,M,299.3,309.2,1493,41.1,8.3
machine_01,M,299.3,309.2,1487,40.8,8.4
machine_01,M,299.3,309.2,1492,40.6,8.4
machine_01,M,299.3,309.2,1497,40.4,8.4
machine_01,M,299.3,309.2,1502,40.2,8.4
machine_01,M,299.3,309.2,1507,40.0,8.4
machine_01,M,299.3,309.2,1512,37.9,8.5
machine_01,M,299.3,309.2,1517,37.7,8.5
machine_01,M,299.3,309.2,1522,37.5,8.5
machine_01,M,299.3,309.2,1527,37.3,8.5
machine_01,M,299.3,309.2,1531,37.1,8.5
machine_01,M,299.3,309.2,1535,36.9,8.6
machine_01,M,299.3,309.2,1527,36.8,8.6
machine_01,M,299.3,309.2,1531,36.6,8.6
machine_01,M,299.3,309.2,1534,36.4,8.6
machine_01,M,299.3,309.2,1536,34.5,8.6
machine_01,M,299.3,309.2,1538,34.4,8.7
machine_01,M,299.3,309.2,1540,34.2,8.7
machine_01,M,299.3,309.2,1541,34.1,8.7
machine_01,M,299.3,309.2,1542,34.1,8.7
machine_01,M,299.3,309.2,1542,34.0,8.7
machine_01,M,299.3,309.2,1542,33.9,8.8
machine_01,M,299.3,309.2,1542,33.9,8.8
machine_01,M,299.3,309.2,1530,33.9,8.8
machine_01,M,299.3,309.2,1528,32.1,8.8
machine_01,M,299.2,309.2,1527,32.1,8.8
machine_01,M,299.2,309.2,1525,32.1,8.9
machine_01,M,299.2,309.2,1523,32.2,8.9
machine_01,M,299.2,309.2,1520,32.3,8.9
machine_01,M,299.2,309.2,1517,32.4,8.9
machine_01,M,299.2,309.2,1514,32.5,8.9
machine_01,M,299.2,309.2,1511,32.6,9.0
machine_01,M,299.2,309.2,1508,32.8,9.0
machine_01,M,299.2,309.2,1505,31.2,9.0
machine_01,M,299.2,309.2,1491,31.4,9.0
machine_01,M,299.2,309.2,1488,31.6,9.0
machine_01,M,299.2,309.2,1485,31.9,9.1
machine_01,M,299.2,309.2,1482,32.2,9.1
machine_01,M,299.2,309.2,1479,32.5,9.1
machine_01,M,299.2,309.2,1476,32.8,9.1
machine_01,M,299.2,309.2,1474,33.1,9.1
machine_01,M,299.2,309.2,1472,33.5,9.2
machine_01,M,299.2,309.2,1471,32.1,9.2
machine_01,M,299.2,309.2,1469,32.5,9.2
machine_01,M,299.2,309.2,1468,32.9,9.2
machine_01,M,299.2,309.2,1457,33.3,9.2
machine_01,M,299.2,309.1,1457,33.8,9.3
machine_01,M,299.2,309.1,1457,34.3,9.3
machine_01,M,299.2,309.1,1458,34.7,9.3
machine_01,M,299.2,309.1,1459,35.2,9.3
machine_01,M,299.2,309.1,1461,35.8,9.3
machine_01,M,299.2,309.1,1463,34.5,9.4
machine_01,M,299.2,309.1,1465,35.0,9.4
machine_01,M,299.2,309.1,1468,35.6,9.4
machine_01,M,299.2,309.1,1472,36.2,9.4
machine_01,M,299.2,309.1,1475,36.7,9.4
machine_01,M,299.2,309.1,1468,37.3,9.5
machine_01,M,299.2,309.1,1472,37.9,9.5
machine_01,M,299.2,309.1,1477,38.5,9.5
machine_01,M,299.2,309.1,1482,39.1,9.5
machine_01,M,299.2,309.1,1487,37.9,9.5
machine_01,M,299.2,309.1,1492,38.6,9.6
machine_01,M,299.2,309.1,1497,39.2,9.6
machine_01,M,299.2,309.1,1502,39.8,9.6
machine_01,M,299.2,309.1,1507,40.4,9.6
machine_01,M,299.2,309.1,1512,41.0,9.6
machine_01,M,299.2,309.1,1517,41.7,9.7
machine_01,M,299.2,309.1,1511,42.3,9.7
machine_01,M,299.2,309.1,1516,42.9,9.7
machine_01,M,299.2,309.1,1521,41.7,9.7
machine_01,M,299.2,309.1,1525,42.3,9.7
machine_01,M,299.2,309.1,1529,42.9,9.8
machine_01,M,299.2,309.1,1532,43.4,9.8
machine_01,M,299.2,309.1,1536,44.0,9.8
machine_01,M,299.2,309.1,1539,44.6,9.8
machine_01,M,299.2,309.1,1541,45.1,9.8
machine_01,M,299.2,309.1,1543,45.6,9.9
machine_01,M,299.2,309.1,1545,46.2,9.9
machine_01,M,299.2,309.1,1535,44.9,9.9
machine_01,M,299.2,309.1,1536,45.3,9.9
machine_01,M,299.2,309.1,1536,45.8,9.9
machine_01,M,299.2,309.1,1536,46.3,10.0
machine_01,M,299.2,309.1,1536,46.7,10.0
machine_01,M,299.2,309.1,1535,47.1,10.0
machine_01,M,299.2,309.1,1533,47.5,10.0
machine_01,M,299.2,309.1,1532,47.9,10.0
machine_01,M,299.1,309.1,1530,48.3,10.1
machine_01,M,299.1,309.1,1528,46.8,10.1
machine_01,M,299.1,309.1,1525,47.1,10.1
machine_01,M,299.1,309.1,1511,47.4,10.1
machine_01,M,299.1,309.0,1508,47.7,10.1
machine_01,M,299.1,309.0,1505,48.0,10.2
machine_01,M,299.1,309.0,1502,48.2,10.2
machine_01,M,299.1,309.0,1499,48.4,10.2
machine_01,M,299.1,309.0,1496,48.6,10.2
machine_01,M,299.1,309.0,1493,48.8,10.2
machine_01,M,299.1,309.0,1490,47.1,10.3
machine_01,M,299.1,309.0,1487,47.2,10.3
machine_01,M,299.1,309.0,1484,47.3,10.3
machine_01,M,299.1,309.0,1481,47.4,10.3
machine_01,M,299.1,309.0,1468,47.5,10.3
machine_01,M,299.1,309.0,1466,47.5,10.4
machine_01,M,299.1,309.0,1465,47.5,10.4
machine_01,M,299.1,309.0,1463,47.5,10.4
machine_01,M,299.1,309.0,1462,47.5,10.4
machine_01,M,299.1,309.0,1462,45.7,10.4
machine_01,M,299.1,309.0,1462,45.6,10.5
machine_01,M,299.1,309.0,1462,45.5,10.5
machine_01,M,299.1,309.0,1463,45.5,10.5
machine_01,M,299.1,309.0,1464,45.4,10.5
machine_01,M,299.1,309.0,1466,45.2,10.5
machine_01,M,299.1,309.0,1457,45.1,10.6
machine_01,M,299.1,309.0,1459,45.0,10.6
machine_01,M,299.1,309.0,1462,44.8,10.6
machine_01,M,299.1,309.0,1466,42.8,10.6
machine_01,M,299.1,309.0,1469,42.7,10.6
machine_01,M,299.1,309.0,1473,42.5,10.7
machine_01,M,299.1,309.0,1477,42.3,10.7
machine_01,M,299.1,309.0,1482,42.1,10.7
machine_01,M,299.1,309.0,1487,41.9,10.7
machine_01,M,299.1,309.0,1492,41.7,10.7
machine_01,M,299.1,309.0,1497,41.4,10.8
machine_01,M,299.1,309.0,1491,41.2,10.8
machine_01,M,299.1,309.0,1496,39.2,10.8
machine_01,M,299.1,309.0,1501,39.0,10.8
machine_01,M,299.1,309.0,1506,38.8,10.8
machine_01,M,299.1,309.0,1511,38.5,10.9
machine_01,M,299.1,309.0,1516,38.3,10.9
machine_01,M,299.1,309.0,1521,38.1,10.9
machine_01,M,299.1,309.0,1526,37.9,10.9
machine_01,M,299.0,309.0,1530,37.7,10.9
machine_01,M,299.0,308.9,1534,37.5,11.0
machine_01,M,299.0,308.9,1537,35.6,11.0
machine_01,M,299.0,308.9,1530,35.4,11.0
machine_01,M,299.0,308.9,1533,35.2,11.0
machine_01,M,299.0,308.9,1535,35.1,11.0
machine_01,M,299.0,308.9,1537,35.0,11.1
machine_01,M,299.0,308.9,1539,34.8,11.1
machine_01,M,299.0,308.9,1540,34.7,11.1
machine_01,M,299.0,308.9,1541,34.7,11.1
machine_01,M,299.0,308.9,1541,34.6,11.1
machine_01,M,299.0,308.9,1541,32.7,11.2
machine_01,M,299.0,308.9,1541,32.7,11.2
machine_01,M,299.0,308.9,1540,32.7,11.2
machine_01,M,299.0,308.9,1527,32.7,11.2
machine_01,M,299.0,308.9,1526,32.7,11.2
machine_01,M,299.0,308.9,1524,32.7,11.3
machine_01,M,299.0,308.9,1522,32.8,11.3
machine_01,M,299.0,308.9,1519,32.9,11.3
machine_01,M,299.0,308.9,1516,33.0,11.3
machine_01,M,299.0,308.9,1513,31.3,11.3
machine_01,M,299.0,308.9,1510,31.4,11.4
machine_01,M,299.0,308.9,1507,31.6,11.4
machine_01,M,299.0,308.9,1504,31.8,11.4
machine_01,M,299.0,308.9,1501,32.0,11.4
machine_01,M,299.0,308.9,1487,32.2,11.4
machine_01,M,299.0,308.9,1484,32.5,11.5
machine_01,M,299.0,308.9,1481,32.8,11.5
machine_01,M,299.0,308.9,1478,33.1,11.5
machine_01,M,299.0,308.9,1475,31.6,11.5
machine_01,M,299.0,308.9,1473,31.9,11.5
machine_01,M,299.0,308.9,1471,32.3,11.6
machine_01,M,299.0,308.9,1470,32.7,11.6
machine_01,M,299.0,308.9,1468,33.1,11.6
machine_01,M,299.0,308.9,1467,33.5,11.6
machine_01,M,299.0,308.9,1467,33.9,11.6
machine_01,M,299.0,308.9,1456,34.4,11.7
machine_01,M,298.9,308.9,1456,34.9,11.7
machine_01,M,298.9,308.9,1457,33.5,11.7
machine_01,M,298.9,308.9,1458,34.0,11.7
machine_01,M,298.9,308.8,1460,34.6,11.7
machine_01,M,298.9,308.8,1462,35.1,11.8
machine_01,M,298.9,308.8,1464,35.6,11.8
machine_01,M,298.9,308.8,1467,36.2,11.8
machine_01,M,298.9,308.8,1471,36.8,11.8
machine_01,M,298.9,308.8,1474,37.3,11.8
machine_01,M,298.9,308.8,1478,37.9,11.9
machine_01,M,298.9,308.8,1471,36.7,11.9
machine_01,M,298.9,308.8,1476,37.3,11.9
machine_01,M,298.9,308.8,1481,37.9,11.9
machine_01,M,298.9,308.8,1486,38.5,11.9
machine_01,M,298.9,308.8,1491,39.2,12.0
machine_01,M,298.9,308.8,1496,39.8,12.0
machine_01,M,298.9,308.8,1501,40.4,12.0
machine_01,M,298.9,308.8,1506,41.0,12.0
machine_01,M,298.9,308.8,1511,41.6,12.0
machine_01,M,298.9,308.8,1516,40.5,12.1
machine_01,M,298.9,308.8,1521,41.1,12.1
machine_01,M,298.9,308.8,1515,41.7,12.1
machine_01,M,298.9,308.8,1520,42.3,12.1
machine_01,M,298.9,308.8,1524,42.9,12.1
machine_01,M,298.9,308.8,1528,43.5,12.2
machine_01,M,298.9,308.8,1531,44.0,12.2
machine_01,M,298.9,308.8,1535,44.6,12.2
machine_01,M,298.9,308.8,1538,45.2,12.2
machine_01,M,298.9,308.8,1540,43.9,12.2
machine_01,M,298.9,308.8,1542,44.4,12.3
machine_01,M,298.9,308.8,1544,45.0,12.3
machine_01,M,298.9,308.8,1545,45.5,12.3
machine_01,M,298.9,308.8,1535,45.9,12.3
machine_01,M,298.8,308.8,1535,46.4,12.3
machine_01,M,298.8,308.8,1535,46.9,12.4
machine_01,M,298.8,308.8,1535,47.3,12.4
machine_01,M,298.8,308.8,1534,47.7,12.4
machine_01,M,298.8,308.8,1532,46.3,12.4
machine_01,M,298.8,308.8,1531,46.7,12.4
machine_01,M,298.8,308.8,1529,47.1,12.5
machine_01,M,298.8,308.8,1527,47.4,12.5
machine_01,M,298.8,308.7,1524,47.7,12.5
machine_01,M,298.8,308.7,1521,48.0,12.5
machine_01,M,298.8,308.7,1507,48.3,12.5
machine_01,M,298.8,308.7,1504,48.6,12.6
machine_01,M,298.8,308.7,1501,48.8,12.6
machine_01,M,298.8,308.7,1498,47.2,12.6
machine_01,M,298.8,308.7,1495,47.4,12.6
machine_01,M,298.8,308.7,1492,47.6,12.6
machine_01,M,298.8,308.7,1489,47.7,12.7
machine_01,M,298.8,308.7,1486,47.8,12.7
machine_01,M,298.8,308.7,1483,47.9,12.7
machine_01,M,298.8,308.7,1480,48.0,12.7
machine_01,M,298.8,308.7,1478,48.1,12.7
machine_01,M,298.8,308.7,1465,48.1,12.8
machine_01,M,298.8,308.7,1464,46.3,12.8
machine_01,M,298.8,308.7,1462,46.3,12.8
machine_01,M,298.8,308.7,1461,46.3,12.8
machine_01,M,298.8,308.7,1461,46.3,12.8
machine_01,M,298.8,308.7,1461,46.2,12.9
machine_01,M,298.8,308.7,1461,46.1,12.9
machine_01,M,298.8,308.7,1462,46.1,12.9
machine_01,M,298.8,308.7,1463,46.0,12.9
machine_01,M,298.8,308.7,1465,45.8,12.9
machine_01,M,298.7,308.7,1467,43.9,13.0
machine_01,M,298.7,308.7,1458,43.8,13.0
machine_01,M,298.7,308.7,1461,43.6,13.0
machine_01,M,298.7,308.7,1465,43.4,13.0
machine_01,M,298.7,308.7,1468,43.3,13.0
machine_01,M,298.7,308.7,1472,43.1,13.1
machine_01,M,298.7,308.7,1476,42.9,13.1
machine_01,M,298.7,308.7,1481,42.7,13.1
machine_01,M,298.7,308.7,1486,42.5,13.1
machine_01,M,298.7,308.7,1491,40.5,13.1
machine_01,M,298.7,308.7,1496,40.2,13.2
machine_01,M,298.7,308.7,1501,40.0,13.2
machine_01,M,298.7,308.7,1495,39.8,13.2
machine_01,M,298.7,308.7,1500,39.6,13.2
machine_01,M,298.7,308.7,1505,39.4,13.2
machine_01,M,298.7,308.7,1510,39.1,13.3
machine_01,M,298.7,308.6,1515,38.9,13.3
machine_01,M,298.7,308.6,1520,38.7,13.3
machine_01,M,298.7,308.6,1525,36.7,13.3
machine_01,M,298.7,308.6,1529,36.5,13.3
machine_01,M,298.7,308.6,1533,36.3,13.4
machine_01,M,298.7,308.6,1536,36.2,13.4
machine_01,M,298.7,308.6,1540,36.0,13.4
machine_01,M,298.7,308.6,1532,35.8,13.4
machine_01,M,298.7,308.6,1534,35.7,13.4
machine_01,M,298.7,308.6,1536,35.6,13.5
machine_01,M,298.7,308.6,1538,35.4,13.5
machine_01,M,298.7,308.6,1539,33.5,13.5
machine_01,M,298.7,308.6,1540,33.5,13.5
machine_01,M,298.6,308.6,1540,33.4,13.5
machine_01,M,298.6,308.6,1540,33.3,13.6
machine_01,M,298.6,308.6,1540,33.3,13.6
machine_01,M,298.6,308.6,1539,33.3,13.6
machine_01,M,298.6,308.6,1537,33.3,13.6
machine_01,M,298.6,308.6,1525,33.3,13.6
machine_01,M,298.6,308.6,1523,33.3,13.7
machine_01,M,298.6,308.6,1521,31.6,13.7
machine_01,M,298.6,308.6,1518,31.7,13.7
machine_01,M,298.6,308.6,1515,31.8,13.7
machine_01,M,298.6,308.6,1512,31.9,13.7
machine_01,M,298.6,308.6,1509,32.0,13.8
machine_01,M,298.6,308.6,1506,32.2,13.8
machine_01,M,298.6,308.6,1503,32.4,13.8
machine_01,M,298.6,308.6,1500,32.6,13.8
machine_01,M,298.6,308.6,1497,32.8,13.8
machine_01,M,298.6,308.6,1483,31.3,13.9
machine_01,M,298.6,308.6,1480,31.6,13.9
machine_01,M,298.6,308.6,1477,31.9,13.9
machine_01,M,298.6,308.6,1474,32.2,13.9
machine_01,M,298.6,308.6,1472,32.5,13.9
machine_01,M,298.6,308.6,1470,32.9,14.0
machine_01,M,298.6,308.6,1469,33.3,14.0
machine_01,M,298.6,308.6,1467,33.7,14.0
machine_01,M,298.6,308.6,1466,34.1,14.0
machine_01,M,298.6,308.6,1466,32.7,14.0
machine_01,M,298.6,308.6,1466,33.2,14.1
machine_01,M,298.6,308.5,1455,33.7,14.1
machine_01,M,298.6,308.5,1456,34.1,14.1
machine_01,M,298.5,308.5,1457,34.6,14.1
machine_01,M,298.5,308.5,1459,35.2,14.1
machine_01,M,298.5,308.5,1461,35.7,14.2
machine_01,M,298.5,308.5,1463,36.2,14.2
machine_01,M,298.5,308.5,1466,36.8,14.2
machine_01,M,298.5,308.5,1470,35.6,14.2
machine_01,M,298.5,308.5,1473,36.1,14.2
machine_01,M,298.5,308.5,1477,36.7,14.3
machine_01,M,298.5,308.5,1481,37.3,14.3
machine_01,M,298.5,308.5,1475,37.9,14.3
machine_01,M,298.5,308.5,1480,38.5,14.3
machine_01,M,298.5,308.5,1485,39.1,14.3
machine_01,M,298.5,308.5,1490,39.8,14.4
machine_01,M,298.5,308.5,1495,40.4,14.4
machine_01,M,298.5,308.5,1500,39.2,14.4
machine_01,M,298.5,308.5,1505,39.8,14.4
machine_01,M,298.5,308.5,1510,40.4,14.4
machine_01,M,298.5,308.5,1515,41.1,14.5
machine_01,M,298.5,308.5,1520,41.7,14.5
machine_01,M,298.5,308.5,1525,42.3,14.5
machine_01,M,298.5,308.5,1519,42.9,14.5
machine_01,M,298.5,308.5,1523,43.5,14.5
machine_01,M,298.5,308.5,1527,44.1,14.6
machine_01,M,298.5,308.5,1530,42.8,14.6
machine_01,M,298.5,308.5,1534,43.4,14.6
machine_01,M,298.5,308.5,1537,44.0,14.6
machine_01,M,298.5,308.5,1539,44.5,14.6
machine_01,M,298.5,308.5,1541,45.0,14.7
machine_01,M,298.5,308.5,1543,45.6,14.7
machine_01,M,298.4,308.5,1544,46.1,14.7
machine_01,M,298.4,308.5,1545,46.5,14.7
machine_01,M,298.4,308.5,1534,47.0,14.7
machine_01,M,298.4,308.5,1534,45.7,14.8
machine_01,M,298.4,308.5,1534,46.1,14.8
machine_01,M,298.4,308.5,1533,46.5,14.8
machine_01,M,298.4,308.5,1531,46.9,14.8
machine_01,M,298.4,308.5,1530,47.3,14.8
machine_01,M,298.4,308.5,1528,47.7,14.9
machine_01,M,298.4,308.5,1526,48.0,14.9
machine_01,M,298.4,308.5,1523,48.3,14.9
machine_01,M,298.4,308.5,1520,48.6,14.9
machine_01,M,298.4,308.5,1517,47.1,14.9
machine_01,M,298.4,308.5,1503,47.4,15.0
machine_01,M,298.4,308.4,1500,47.6,15.0
machine_01,M,298.4,308.4,1497,47.8,15.0
machine_01,M,298.4,308.4,1494,48.0,15.0
machine_01,M,298.4,308.4,1491,48.2,15.0
machine_01,M,298.4,308.4,1488,48.3,15.1
machine_01,M,298.4,308.4,1485,48.4,15.1
machine_01,M,298.4,308.4,1482,48.5,15.1
machine_01,M,298.4,308.4,1479,46.8,15.1
machine_01,M,298.4,308.4,1477,46.9,15.1
machine_01,M,298.4,308.4,1475,46.9,15.2
machine_01,M,298.4,308.4,1463,46.9,15.2
machine_01,M,298.4,308.4,1461,46.9,15.2
machine_01,M,298.4,308.4,1460,46.9,15.2
machine_01,M,298.4,308.4,1460,46.9,15.2
machine_01,M,298.4,308.4,1460,46.8,15.3
machine_01,M,298.3,308.4,1460,46.7,15.3
machine_01,M,298.3,308.4,1461,44.9,15.3
machine_01,M,298.3,308.4,1462,44.8,15.3
machine_01,M,298.3,308.4,1464,44.6,15.3
machine_01,M,298.3,308.4,1466,44.5,15.4
machine_01,M,298.3,308.4,1468,44.4,15.4
machine_01,M,298.3,308.4,1460,44.2,15.4
machine_01,M,298.3,308.4,1464,44.0,15.4
machine_01,M,298.3,308.4,1467,43.9,15.4
machine_01,M,298.3,308.4,1471,43.7,15.5
machine_01,M,298.3,308.4,1475,41.7,15.5
machine_01,M,298.3,308.4,1480,41.5,15.5
machine_01,M,298.3,308.4,1485,41.3,15.5
machine_01,M,298.3,308.4,1490,41.1,15.5
machine_01,M,298.3,308.4,1495,40.8,15.6
machine_01,M,298.3,308.4,1500,40.6,15.6
machine_01,M,298.3,308.4,1505,40.4,15.6
machine_01,M,298.3,308.4,1499,40.2,15.6
machine_01,M,298.3,308.4,1504,40.0,15.6
machine_01,M,298.3,308.4,1509,37.9,15.7
machine_01,M,298.3,308.4,1514,37.7,15.7
machine_01,M,298.3,308.4,1519,37.5,15.7
machine_01,M,298.3,308.4,1524,37.3,15.7
machine_01,M,298.3,308.4,1528,37.1,15.7
machine_01,M,298.3,308.4,1532,36.9,15.8
machine_01,M,298.3,308.4,1535,36.8,15.8
machine_01,M,298.3,308.4,1539,36.6,15.8
machine_01,M,298.3,308.4,1542,36.4,15.8
machine_01,M,298.3,308.4,1533,34.5,15.8
machine_01,M,298.2,308.4,1535,34.4,15.9
machine_01,M,298.2,308.4,1537,34.2,15.9
machine_01,M,298.2,308.4,1538,34.1,15.9
machine_01,M,298.2,308.4,1539,34.1,15.9
machine_01,M,298.2,308.4,1539,34.0,15.9
machine_01,M,298.2,308.4,1539,33.9,16.0
machine_01,M,298.2,308.4,1539,33.9,16.0
machine_01,M,298.2,308.3,1538,33.9,16.0
machine_01,M,298.2,308.3,1536,32.1,16.0
machine_01,M,298.2,308.3,1535,32.1,16.0
machine_01,M,298.2,308.3,1522,32.1,16.1
machine_01,M,298.2,308.3,1520,32.2,16.1
machine_01,M,298.2,308.3,1517,32.3,16.1
machine_01,M,298.2,308.3,1514,32.4,16.1
machine_01,M,298.2,308.3,1511,32.5,16.1
machine_01,M,298.2,308.3,1508,32.6,16.2
machine_01,M,298.2,308.3,1505,32.8,16.2
machine_01,M,298.2,308.3,1502,31.2,16.2
machine_01,M,298.2,308.3,1499,31.4,16.2
machine_01,M,298.2,308.3,1496,31.6,16.2
machine_01,M,298.2,308.3,1493,31.9,16.3
machine_01,M,298.2,308.3,1479,32.2,16.3
machine_01,M,298.2,308.3,1476,32.5,16.3
machine_01,M,298.2,308.3,1473,32.8,16.3
machine_01,M,298.2,308.3,1471,33.1,16.3
machine_01,M,298.2,308.3,1469,33.5,16.4
machine_01,M,298.2,308.3,1468,32.1,16.4
machine_01,M,298.2,308.3,1466,32.5,16.4
machine_01,M,298.2,308.3,1465,32.9,16.4
machine_01,M,298.2,308.3,1465,33.3,16.4
machine_01,M,298.2,308.3,1465,33.8,16.5
machine_01,M,298.1,308.3,1465,34.3,16.5
machine_01,M,298.1,308.3,1455,34.7,16.5
machine_01,M,298.1,308.3,1456,35.2,16.5
machine_01,M,298.1,308.3,1458,35.8,16.5
machine_01,M,298.1,308.3,1460,34.5,16.6
machine_01,M,298.1,308.3,1462,35.0,16.6
machine_01,M,298.1,308.3,1465,35.6,16.6
machine_01,M,298.1,308.3,1469,36.2,16.6
machine_01,M,298.1,308.3,1472,36.7,16.6
machine_01,M,298.1,308.3,1476,37.3,16.7
machine_01,M,298.1,308.3,1480,37.9,16.7
machine_01,M,298.1,308.3,1485,38.5,16.7
machine_01,M,298.1,308.3,1479,39.1,16.7
machine_01,M,298.1,308.3,1484,37.9,16.7
machine_01,M,298.1,308.3,1489,38.6,16.8
machine_01,M,298.1,308.3,1494,39.2,16.8
machine_01,M,298.1,308.3,1499,39.8,16.8
machine_01,M,298.1,308.3,1504,40.4,16.8
machine_01,M,298.1,308.3,1509,41.0,16.8
machine_01,M,298.1,308.3,1514,41.7,16.9
machine_01,M,298.1,308.3,1519,42.3,16.9
machine_01,M,298.1,308.3,1524,42.9,16.9
machine_01,M,298.1,308.3,1529,41.7,16.9
machine_01,M,298.1,308.3,1522,42.3,16.9
machine_01,M,298.1,308.3,1526,42.9,17.0
machine_01,M,298.1,308.3,1529,43.4,17.0
machine_01,M,298.1,308.3,1533,44.0,17.0
machine_01,M,298.1,308.3,1536,44.6,17.0
machine_01,M,298.1,308.3,1538,45.1,17.0
machine_01,M,298.1,308.3,1540,45.6,17.1
machine_01,M,298.1,308.3,1542,46.2,17.1
machine_01,M,298.1,308.3,1543,44.9,17.1
machine_01,M,298.1,308.3,1544,45.3,17.1
machine_01,M,298.0,308.3,1544,45.8,17.1
machine_01,M,298.0,308.3,1533,46.3,17.2
machine_01,M,298.0,308.3,1533,46.7,17.2
machine_01,M,298.0,308.3,1532,47.1,17.2
machine_01,M,298.0,308.3,1530,47.5,17.2
machine_01,M,298.0,308.3,1529,47.9,17.2
machine_01,M,298.0,308.3,1527,48.3,17.3
machine_01,M,298.0,308.3,1525,46.8,17.3
machine_01,M,298.0,308.3,1522,47.1,17.3
machine_01,M,298.0,308.3,1519,47.4,17.3
machine_01,M,298.0,308.3,1516,47.7,17.3
machine_01,M,298.0,308.3,1513,48.0,17.4
machine_01,M,298.0,308.3,1499,48.2,17.4
machine_01,M,298.0,308.3,1496,48.4,17.4
machine_01,M,298.0,308.3,1493,48.6,17.4
machine_01,M,298.0,308.2,1490,48.8,17.4
machine_01,M,298.0,308.2,1487,47.1,17.5
machine_01,M,298.0,308.2,1484,47.2,17.5
machine_01,M,298.0,308.2,1481,47.3,17.5
machine_01,M,298.0,308.2,1478,47.4,17.5
machine_01,M,298.0,308.2,1476,47.5,17.5
machine_01,M,298.0,308.2,1474,47.5,17.6
machine_01,M,298.0,308.2,1473,47.5,17.6
machine_01,M,298.0,308.2,1460,47.5,17.6
machine_01,M,298.0,308.2,1459,47.5,17.6
machine_01,M,298.0,308.2,1459,45.7,17.6
machine_01,M,298.0,308.2,1459,45.6,17.7
machine_01,M,298.0,308.2,1459,45.5,17.7
machine_01,M,298.0,308.2,1460,45.5,17.7
machine_01,M,298.0,308.2,1461,45.4,17.7
machine_01,M,298.0,308.2,1463,45.2,17.7
machine_01,M,298.0,308.2,1465,45.1,17.8
machine_01,M,298.0,308.2,1467,45.0,17.8
machine_01,M,298.0,308.2,1470,44.8,17.8
machine_01,M,298.0,308.2,1463,42.8,17.8
machine_01,M,298.0,308.2,1466,42.7,17.8
machine_01,M,298.0,308.2,1470,42.5,17.9
machine_01,M,297.9,308.2,1474,42.3,17.9
machine_01,M,297.9,308.2,1479,42.1,17.9
machine_01,M,297.9,308.2,1484,41.9,17.9
machine_01,M,297.9,308.2,1489,41.7,17.9
machine_01,M,297.9,308.2,1494,41.4,18.0
machine_01,M,297.9,308.2,1499,41.2,18.0
machine_01,M,297.9,308.2,1504,39.2,18.0
machine_01,M,297.9,308.2,1509,39.0,18.0
machine_01,M,297.9,308.2,1503,38.8,18.0
machine_01,M,297.9,308.2,1508,38.5,18.1
machine_01,M,297.9,308.2,1513,38.3,18.1
machine_01,M,297.9,308.2,1518,38.1,18.1
machine_01,M,297.9,308.2,1523,37.9,18.1
machine_01,M,297.9,308.2,1527,37.7,18.1
machine_01,M,297.9,308.2,1531,37.5,18.2
machine_01,M,297.9,308.2,1534,35.6,18.2
machine_01,M,297.9,308.2,1538,35.4,18.2
machine_01,M,297.9,308.2,1541,35.2,18.2
machine_01,M,297.9,308.2,1543,35.1,18.2
machine_01,M,297.9,308.2,1534,35.0,18.3
machine_01,M,297.9,308.2,1536,34.8,18.3
machine_01,M,297.9,308.2,1537,34.7,18.3
machine_01,M,297.9,308.2,1538,34.7,18.3
machine_01,M,297.9,308.2,1538,34.6,18.3
machine_01,M,297.9,308.2,1538,32.7,18.4
machine_01,M,297.9,308.2,1538,32.7,18.4
machine_01,M,297.9,308.2,1537,32.7,18.4
machine_01,M,297.9,308.2,1535,32.7,18.4
machine_01,M,297.9,308.2,1534,32.7,18.4
machine_01,M,297.9,308.2,1532,32.7,18.5
machine_01,M,297.9,308.2,1519,32.8,18.5
machine_01,M,297.9,308.2,1516,32.9,18.5
machine_01,M,297.9,308.2,1513,33.0,18.5
machine_01,M,297.9,308.2,1510,31.3,18.5
machine_01,M,297.9,308.2,1507,31.4,18.6
machine_01,M,297.9,308.2,1504,31.6,18.6
machine_01,M,297.9,308.2,1501,31.8,18.6
machine_01,M,297.9,308.2,1498,32.0,18.6
machine_01,M,297.9,308.2,1495,32.2,18.6
machine_01,M,297.9,308.2,1492,32.5,18.7
machine_01,M,297.9,308.2,1489,32.8,18.7
machine_01,M,297.9,308.2,1475,33.1,18.7
machine_01,M,297.9,308.2,1472,31.6,18.7
machine_01,M,297.9,308.2,1470,31.9,18.7
machine_01,M,297.8,308.2,1468,32.3,18.8
machine_01,M,297.8,308.2,1467,32.7,18.8
machine_01,M,297.8,308.2,1465,33.1,18.8
machine_01,M,297.8,308.2,1464,33.5,18.8
machine_01,M,297.8,308.2,1464,33.9,18.8
machine_01,M,297.8,308.2,1464,34.4,18.9
machine_01,M,297.8,308.2,1464,34.9,18.9
machine_01,M,297.8,308.2,1465,33.5,18.9
machine_01,M,297.8,308.2,1455,34.0,18.9
machine_01,M,297.8,308.2,1457,34.6,18.9
machine_01,M,297.8,308.2,1459,35.1,19.0
machine_01,M,297.8,308.2,1461,35.6,19.0
machine_01,M,297.8,308.2,1464,36.2,19.0
machine_01,M,297.8,308.2,1468,36.8,19.0
machine_01,M,297.8,308.2,1471,37.3,19.0
machine_01,M,297.8,308.2,1475,37.9,19.1
machine_01,M,297.8,308.2,1479,36.7,19.1
machine_01,M,297.8,308.2,1484,37.3,19.1
machine_01,M,297.8,308.2,1489,37.9,19.1
machine_01,M,297.8,308.2,1483,38.5,19.1
machine_01,M,297.8,308.2,1488,39.2,19.2
machine_01,M,297.8,308.2,1493,39.8,19.2
machine_01,M,297.8,308.2,1498,40.4,19.2
machine_01,M,297.8,308.2,1503,41.0,19.2
machine_01,M,297.8,308.2,1508,41.6,19.2
machine_01,M,297.8,308.2,1513,40.5,19.3
machine_01,M,297.8,308.2,1518,41.1,19.3
machine_01,M,297.8,308.2,1523,41.7,19.3
machine_01,M,297.8,308.2,1528,42.3,19.3
machine_01,M,297.8,308.2,1532,42.9,19.3
machine_01,M,297.8,308.2,1525,43.5,19.4
machine_01,M,297.8,308.2,1528,44.0,19.4
machine_01,M,297.8,308.2,1532,44.6,19.4
machine_01,M,297.8,308.2,1535,45.2,19.4
machine_01,M,297.8,308.2,1537,43.9,19.4
machine_01,M,297.8,308.2,1539,44.4,19.5
machine_01,M,297.8,308.2,1541,45.0,19.5
machine_01,M,297.8,308.2,1542,45.5,19.5
machine_01,M,297.8,308.2,1543,45.9,19.5
machine_01,M,297.8,308.2,1543,46.4,19.5
machine_01,M,297.8,308.2,1543,46.9,19.6
machine_01,M,297.8,308.2,1532,47.3,19.6
machine_01,M,297.8,308.2,1531,47.7,19.6
machine_01,M,297.8,308.2,1529,46.3,19.6
machine_01,M,297.8,308.2,1528,46.7,19.6
machine_01,M,297.8,308.2,1526,47.1,19.7
machine_01,M,297.8,308.2,1524,47.4,19.7
machine_01,M,297.8,308.2,1521,47.7,19.7
machine_01,M,297.8,308.2,1518,48.0,19.7
machine_01,M,297.8,308.2,1515,48.3,19.7
machine_01,M,297.8,308.2,1512,48.6,19.8
machine_01,M,297.8,308.2,1509,48.8,19.8
machine_01,M,297.8,308.2,1495,47.2,19.8
machine_01,M,297.8,308.2,1492,47.4,19.8
machine_01,M,297.8,308.2,1489,47.6,19.8
machine_01,M,297.8,308.2,1486,47.7,19.9
machine_01,M,297.8,308.2,1483,47.8,19.9
machine_01,M,297.8,308.2,1480,47.9,19.9
machine_01,M,297.8,308.2,1477,48.0,19.9
machine_01,M,297.8,308.2,1475,48.1,19.9
machine_01,M,297.8,308.2,1473,48.1,20.0
machine_01,M,297.7,308.2,1472,46.3,20.0
machine_01,M,297.7,308.2,1470,46.3,20.0
machine_01,M,297.7,308.2,1458,46.3,20.0
machine_01,M,297.7,308.2,1458,46.3,20.0
machine_01,M,297.7,308.2,1458,46.2,20.1
machine_01,M,297.7,308.2,1458,46.1,20.1
machine_01,M,297.7,308.2,1459,46.1,20.1
machine_01,M,297.7,308.2,1460,46.0,20.1
machine_01,M,297.7,308.2,1462,45.8,20.1
machine_01,M,297.7,308.2,1464,43.9,20.2
machine_01,M,297.7,308.2,1466,43.8,20.2
machine_01,M,297.7,308.2,1469,43.6,20.2
machine_01,M,297.7,308.2,1473,43.4,20.2
machine_01,M,297.7,308.2,1465,43.3,20.2
machine_01,M,297.7,308.2,1469,43.1,20.3
machine_01,M,297.7,308.2,1473,42.9,20.3
machine_01,M,297.7,308.2,1478,42.7,20.3
machine_01,M,297.7,308.2,1483,42.5,20.3
machine_01,M,297.7,308.2,1488,40.5,20.3
machine_01,M,297.7,308.2,1493,40.2,20.4
machine_01,M,297.7,308.2,1498,40.0,20.4
machine_01,M,297.7,308.2,1503,39.8,20.4
machine_01,M,297.7,308.2,1508,39.6,20.4
machine_01,M,297.7,308.2,1513,39.4,20.4
machine_01,M,297.7,308.2,1507,39.1,20.5
machine_01,M,297.7,308.2,1512,38.9,20.5
machine_01,M,297.7,308.2,1517,38.7,20.5
machine_01,M,297.7,308.2,1522,36.7,20.5
machine_01,M,297.7,308.2,1526,36.5,20.5
machine_01,M,297.7,308.2,1530,36.3,20.6
machine_01,M,297.7,308.2,1533,36.2,20.6
machine_01,M,297.7,308.2,1537,36.0,20.6
machine_01,M,297.7,308.2,1540,35.8,20.6
machine_01,M,297.7,308.2,1542,35.7,20.6
machine_01,M,297.7,308.2,1544,35.6,20.7
machine_01,M,297.7,308.2,1535,35.4,20.7
machine_01,M,297.7,308.2,1536,33.5,20.7
machine_01,M,297.7,308.2,1537,33.5,20.7
machine_01,M,297.7,308.2,1537,33.4,20.7
machine_01,M,297.7,308.2,1537,33.3,20.8
machine_01,M,297.7,308.2,1537,33.3,20.8
machine_01,M,297.7,308.2,1536,33.3,20.8
machine_01,M,297.7,308.2,1534,33.3,20.8
machine_01,M,297.7,308.2,1533,33.3,20.8
machine_01,M,297.7,308.2,1531,33.3,20.9
machine_01,M,297.7,308.2,1529,31.6,20.9
machine_01,M,297.7,308.2,1515,31.7,20.9
machine_01,M,297.7,308.2,1512,31.8,20.9
machine_01,M,297.7,308.2,1509,31.9,20.9
machine_01,M,297.7,308.2,1506,32.0,21.0
machine_01,M,297.7,308.2,1503,32.2,21.0
machine_01,M,297.7,308.2,1500,32.4,21.0
machine_01,M,297.7,308.2,1497,32.6,21.0
machine_01,M,297.7,308.2,1494,32.8,21.0
machine_01,M,297.7,308.2,1491,31.3,21.1
machine_01,M,297.7,308.2,1488,31.6,21.1
machine_01,M,297.7,308.2,1485,31.9,21.1
machine_01,M,297.7,308.2,1471,32.2,21.1
machine_01,M,297.7,308.2,1469,32.5,21.1
machine_01,M,297.7,308.2,1467,32.9,21.2
machine_01,M,297.7,308.2,1466,33.3,21.2
machine_01,M,297.7,308.3,1464,33.7,21.2
machine_01,M,297.7,308.3,1463,34.1,21.2
machine_01,M,297.7,308.3,1463,32.7,21.2
machine_01,M,297.7,308.3,1463,33.2,21.3
machine_01,M,297.7,308.3,1463,33.7,21.3
machine_01,M,297.7,308.3,1464,34.1,21.3
machine_01,M,297.7,308.3,1465,34.6,21.3
machine_01,M,297.7,308.3,1456,35.2,21.3
machine_01,M,297.7,308.3,1458,35.7,21.4
machine_01,M,297.7,308.3,1460,36.2,21.4
machine_01,M,297.7,308.3,1463,36.8,21.4
machine_01,M,297.7,308.3,1467,35.6,21.4
machine_01,M,297.7,308.3,1470,36.1,21.4
machine_01,M,297.7,308.3,1474,36.7,21.5
machine_01,M,297.7,308.3,1478,37.3,21.5
machine_01,M,297.7,308.3,1483,37.9,21.5
machine_01,M,297.7,308.3,1488,38.5,21.5
machine_01,M,297.7,308.3,1493,39.1,21.5
machine_01,M,297.7,308.3,1487,39.8,21.6
machine_01,M,297.7,308.3,1492,40.4,21.6
machine_01,M,297.7,308.3,1497,39.2,21.6
machine_01,M,297.7,308.3,1502,39.8,21.6
machine_01,M,297.7,308.3,1507,40.4,21.6
machine_01,M,297.7,308.3,1512,41.1,21.7
machine_01,M,297.7,308.3,1517,41.7,21.7
machine_01,M,297.7,308.3,1522,42.3,21.7
machine_01,M,297.7,308.3,1527,42.9,21.7
machine_01,M,297.7,308.3,1531,43.5,21.7
machine_01,M,297.7,308.3,1535,44.1,21.8
machine_01,M,297.7,308.3,1527,42.8,21.8
machine_01,M,297.7,308.3,1531,43.4,21.8
machine_01,M,297.7,308.3,1534,44.0,21.8
machine_01,M,297.7,308.3,1536,44.5,21.8
machine_01,M,297.7,308.3,1538,45.0,21.9
machine_01,M,297.7,308.3,1540,45.6,21.9
machine_01,M,297.7,308.3,1541,46.1,21.9
machine_01,M,297.7,308.3,1542,46.5,21.9
machine_01,M,297.7,308.3,1542,47.0,21.9
machine_01,M,297.7,308.3,1542,45.7,22.0
machine_01,M,297.7,308.3,1542,46.1,22.0
machine_01,M,297.7,308.3,1530,46.5,22.0
machine_01,M,297.7,308.3,1528,46.9,22.0
machine_01,M,297.7,308.3,1527,47.3,22.0
machine_01,M,297.7,308.3,1525,47.7,22.1
machine_01,M,297.7,308.3,1523,48.0,22.1
machine_01,M,297.7,308.3,1520,48.3,22.1
machine_01,M,297.7,308.3,1517,48.6,22.1
machine_01,M,297.7,308.3,1514,47.1,22.1
machine_01,M,297.7,308.3,1511,47.4,22.2
machine_01,M,297.7,308.3,1508,47.6,22.2
machine_01,M,297.7,308.3,1505,47.8,22.2
machine_01,M,297.7,308.3,1491,48.0,22.2
machine_01,M,297.7,308.3,1488,48.2,22.2
machine_01,M,297.7,308.3,1485,48.3,22.3
machine_01,M,297.7,308.3,1482,48.4,22.3
machine_01,M,297.7,308.3,1479,48.5,22.3
machine_01,M,297.7,308.3,1476,46.8,22.3
machine_01,M,297.7,308.3,1474,46.9,22.3
machine_01,M,297.7,308.3,1472,46.9,22.4
machine_01,M,297.7,308.3,1471,46.9,22.4
machine_01,M,297.7,308.3,1469,46.9,22.4
machine_01,M,297.7,308.3,1468,46.9,22.4
machine_01,M,297.7,308.3,1457,46.9,22.4
machine_01,M,297.7,308.3,1457,46.8,22.5
machine_01,M,297.7,308.3,1457,46.7,22.5
machine_01,M,297.7,308.3,1458,44.9,22.5
machine_01,M,297.7,308.3,1459,44.8,22.5
machine_01,M,297.7,308.3,1461,44.6,22.5
machine_01,M,297.7,308.3,1463,44.5,22.6
machine_01,M,297.7,308.3,1465,44.4,22.6
machine_01,M,297.7,308.3,1468,44.2,22.6
machine_01,M,297.7,308.3,1472,44.0,22.6
machine_01,M,297.7,308.4,1475,43.9,22.6
machine_01,M,297.7,308.4,1468,43.7,22.7
machine_01,M,297.7,308.4,1472,41.7,22.7
machine_01,M,297.7,308.4,1477,41.5,22.7
machine_01,M,297.7,308.4,1482,41.3,22.7
machine_01,M,297.7,308.4,1487,41.1,22.7
machine_01,M,297.7,308.4,1492,40.8,22.8
machine_01,M,297.7,308.4,1497,40.6,22.8
machine_01,M,297.7,308.4,1502,40.4,22.8
machine_01,M,297.7,308.4,1507,40.2,22.8
machine_01,M,297.7,308.4,1512,40.0,22.8
machine_01,M,297.7,308.4,1517,37.9,22.9
machine_01,M,297.7,308.4,1511,37.7,22.9
machine_01,M,297.7,308.4,1516,37.5,22.9
machine_01,M,297.7,308.4,1521,37.3,22.9
machine_01,M,297.7,308.4,1525,37.1,22.9
machine_01,M,297.7,308.4,1529,36.9,23.0
machine_01,M,297.7,308.4,1532,36.8,23.0
machine_01,M,297.7,308.4,1536,36.6,23.0
machine_01,M,297.7,308.4,1539,36.4,23.0
machine_01,M,297.7,308.4,1541,34.5,23.0
machine_01,M,297.7,308.4,1543,34.4,23.1
machine_01,M,297.7,308.4,1545,34.2,23.1
machine_01,M,297.7,308.4,1535,34.1,23.1
machine_01,M,297.7,308.4,1536,34.1,23.1
machine_01,M,297.7,308.4,1536,34.0,23.1
machine_01,M,297.7,308.4,1536,33.9,23.2
machine_01,M,297.7,308.4,1536,33.9,23.2
machine_01,M,297.7,308.4,1535,33.9,23.2
machine_01,M,297.7,308.4,1533,32.1,23.2
machine_01,M,297.8,308.4,1532,32.1,23.2
machine_01,M,297.8,308.4,1530,32.1,23.3
machine_01,M,297.8,308.4,1528,32.2,23.3
machine_01,M,297.8,308.4,1525,32.3,23.3
machine_01,M,297.8,308.4,1511,32.4,23.3
machine_01,M,297.8,308.4,1508,32.5,23.3
machine_01,M,297.8,308.4,1505,32.6,23.4
machine_01,M,297.8,308.4,1502,32.8,23.4
machine_01,M,297.8,308.4,1499,31.2,23.4
machine_01,M,297.8,308.4,1496,31.4,23.4
machine_01,M,297.8,308.4,1493,31.6,23.4
machine_01,M,297.8,308.4,1490,31.9,23.5
machine_01,M,297.8,308.4,1487,32.2,23.5
machine_01,M,297.8,308.4,1484,32.5,23.5
machine_01,M,297.8,308.4,1481,32.8,23.5
machine_01,M,297.8,308.4,1468,33.1,23.5
machine_01,M,297.8,308.4,1466,33.5,23.6
machine_01,M,297.8,308.4,1465,32.1,23.6
machine_01,M,297.8,308.4,1463,32.5,23.6
machine_01,M,297.8,308.4,1462,32.9,23.6
machine_01,M,297.8,308.4,1462,33.3,23.6
machine_01,M,297.8,308.5,1462,33.8,23.7
machine_01,M,297.8,308.5,1462,34.3,23.7
machine_01,M,297.8,308.5,1463,34.7,23.7
machine_01,M,297.8,308.5,1464,35.2,23.7
machine_01,M,297.8,308.5,1466,35.8,23.7
machine_01,M,297.8,308.5,1457,34.5,23.8
machine_01,M,297.8,308.5,1459,35.0,23.8
machine_01,M,297.8,308.5,1462,35.6,23.8
machine_01,M,297.8,308.5,1466,36.2,23.8
machine_01,M,297.8,308.5,1469,36.7,23.8
machine_01,M,297.8,308.5,1473,37.3,23.9
machine_01,M,297.8,308.5,1477,37.9,23.9
machine_01,M,297.8,308.5,1482,38.5,23.9
machine_01,M,297.8,308.5,1487,39.1,23.9
machine_01,M,297.8,308.5,1492,37.9,23.9
machine_01,M,297.8,308.5,1497,38.6,24.0
machine_01,M,297.8,308.5,1491,39.2,24.0
machine_01,M,297.8,308.5,1496,39.8,24.0
machine_01,M,297.8,308.5,1501,40.4,24.0
machine_01,M,297.8,308.5,1506,41.0,24.0
machine_01,M,297.8,308.5,1511,41.7,24.1
machine_01,M,297.8,308.5,1516,42.3,24.1
machine_01,M,297.8,308.5,1521,42.9,24.1
machine_01,M,297.8,308.5,1526,41.7,24.1
machine_01,M,297.8,308.5,1530,42.3,24.1
machine_01,M,297.8,308.5,1534,42.9,24.2
machine_01,M,297.8,308.5,1537,43.4,24.2
machine_01,M,297.8,308.5,1530,44.0,24.2
machine_01,M,297.8,308.5,1533,44.6,24.2
machine_01,M,297.8,308.5,1535,45.1,24.2
machine_01,M,297.8,308.5,1537,45.6,24.3
machine_01,M,297.8,308.5,1539,46.2,24.3
machine_01,M,297.8,308.5,1540,44.9,24.3
machine_01,M,297.8,308.5,1541,45.3,24.3
machine_01,M,297.8,308.5,1541,45.8,24.3
machine_01,M,297.8,308.5,1541,46.3,24.4
machine_01,M,297.8,308.5,1541,46.7,24.4
machine_01,M,297.8,308.5,1540,47.1,24.4
machine_01,M,297.8,308.5,1527,47.5,24.4
machine_01,M,297.8,308.5,1526,47.9,24.4
machine_01,M,297.9,308.5,1524,48.3,24.5
machine_01,M,297.9,308.5,1522,46.8,24.5
machine_01,M,297.9,308.5,1519,47.1,24.5
machine_01,M,297.9,308.5,1516,47.4,24.5
machine_01,M,297.9,308.6,1513,47.7,24.5
machine_01,M,297.9,308.6,1510,48.0,24.6
machine_01,M,297.9,308.6,1507,48.2,24.6
machine_01,M,297.9,308.6,1504,48.4,24.6
machine_01,M,297.9,308.6,1501,48.6,24.6
machine_01,M,297.9,308.6,1487,48.8,24.6
machine_01,M,297.9,308.6,1484,47.1,24.7
machine_01,M,297.9,308.6,1481,47.2,24.7
machine_01,M,297.9,308.6,1478,47.3,24.7
machine_01,M,297.9,308.6,1475,47.4,24.7
machine_01,M,297.9,308.6,1473,47.5,24.7
machine_01,M,297.9,308.6,1471,47.5,24.8
machine_01,M,297.9,308.6,1470,47.5,24.8
machine_01,M,297.9,308.6,1468,47.5,24.8
machine_01,M,297.9,308.6,1467,47.5,24.8
machine_01,M,297.9,308.6,1467,45.7,24.8
machine_01,M,297.9,308.6,1456,45.6,24.9
machine_01,M,297.9,308.6,1456,45.5,24.9
machine_01,M,297.9,308.6,1457,45.5,24.9
machine_01,M,297.9,308.6,1458,45.4,24.9
machine_01,M,297.9,308.6,1460,45.2,24.9
machine_01,M,297.9,308.6,1462,45.1,25.0
machine_01,M,297.9,308.6,1464,45.0,25.0
machine_01,M,297.9,308.6,1467,44.8,25.0
machine_01,M,297.9,308.6,1471,42.8,25.0
machine_01,M,297.9,308.6,1474,42.7,25.0
machine_01,M,297.9,308.6,1478,42.5,25.1
machine_01,M,297.9,308.6,1471,42.3,25.1
machine_01,M,297.9,308.6,1476,42.1,25.1
machine_01,M,297.9,308.6,1481,41.9,25.1
machine_01,M,297.9,308.6,1486,41.7,25.1
machine_01,M,297.9,308.6,1491,41.4,25.2
machine_01,M,297.9,308.6,1496,41.2,25.2
machine_01,M,297.9,308.6,1501,39.2,25.2
machine_01,M,297.9,308.6,1506,39.0,25.2
machine_01,M,297.9,308.6,1511,38.8,25.2
machine_01,M,297.9,308.6,1516,38.5,25.3
machine_01,M,297.9,308.6,1521,38.3,25.3
machine_01,M,297.9,308.6,1515,38.1,25.3
machine_01,M,297.9,308.6,1520,37.9,25.3
machine_01,M,298.0,308.6,1524,37.7,25.3
machine_01,M,298.0,308.7,1528,37.5,25.4
machine_01,M,298.0,308.7,1531,35.6,25.4
machine_01,M,298.0,308.7,1535,35.4,25.4
machine_01,M,298.0,308.7,1538,35.2,25.4
machine_01,M,298.0,308.7,1540,35.1,25.4
machine_01,M,298.0,308.7,1542,35.0,25.5
machine_01,M,298.0,308.7,1544,34.8,25.5
machine_01,M,298.0,308.7,1545,34.7,25.5
machine_01,M,298.0,308.7,1535,34.7,25.5
machine_01,M,298.0,308.7,1535,34.6,25.5
machine_01,M,298.0,308.7,1535,32.7,25.6
machine_01,M,298.0,308.7,1535,32.7,25.6
machine_01,M,298.0,308.7,1534,32.7,25.6
machine_01,M,298.0,308.7,1532,32.7,25.6
machine_01,M,298.0,308.7,1531,32.7,25.6
machine_01,M,298.0,308.7,1529,32.7,25.7
machine_01,M,298.0,308.7,1527,32.8,25.7
machine_01,M,298.0,308.7,1524,32.9,25.7
machine_01,M,298.0,308.7,1521,33.0,25.7
machine_01,M,298.0,308.7,1507,31.3,25.7
machine_01,M,298.0,308.7,1504,31.4,25.8
machine_01,M,298.0,308.7,1501,31.6,25.8
machine_01,M,298.0,308.7,1498,31.8,25.8
machine_01,M,298.0,308.7,1495,32.0,25.8
machine_01,M,298.0,308.7,1492,32.2,25.8
machine_01,M,298.0,308.7,1489,32.5,25.9
machine_01,M,298.0,308.7,1486,32.8,25.9
machine_01,M,298.0,308.7,1483,33.1,25.9
machine_01,M,298.0,308.7,1480,31.6,25.9
machine_01,M,298.0,308.7,1478,31.9,25.9
machine_01,M,298.0,308.7,1465,32.3,26.0
machine_01,M,298.0,308.7,1464,32.7,26.0
machine_01,M,298.0,308.7,1462,33.1,26.0
machine_01,M,298.0,308.7,1461,33.5,26.0
machine_01,M,298.0,308.7,1461,33.9,26.0
machine_01,M,298.0,308.7,1461,34.4,26.1
machine_01,M,298.1,308.7,1461,34.9,26.1
machine_01,M,298.1,308.7,1462,33.5,26.1
machine_01,M,298.1,308.7,1463,34.0,26.1
machine_01,M,298.1,308.8,1465,34.6,26.1
machine_01,M,298.1,308.8,1467,35.1,26.2
machine_01,M,298.1,308.8,1458,35.6,26.2
machine_01,M,298.1,308.8,1461,36.2,26.2
machine_01,M,298.1,308.8,1465,36.8,26.2
machine_01,M,298.1,308.8,1468,37.3,26.2
machine_01,M,298.1,308.8,1472,37.9,26.3
machine_01,M,298.1,308.8,1476,36.7,26.3
machine_01,M,298.1,308.8,1481,37.3,26.3
machine_01,M,298.1,308.8,1486,37.9,26.3
machine_01,M,298.1,308.8,1491,38.5,26.3
machine_01,M,298.1,308.8,1496,39.2,26.4
machine_01,M,298.1,308.8,1501,39.8,26.4
machine_01,M,298.1,308.8,1495,40.4,26.4
machine_01,M,298.1,308.8,1500,41.0,26.4
machine_01,M,298.1,308.8,1505,41.6,26.4
machine_01,M,298.1,308.8,1510,40.5,26.5
machine_01,M,298.1,308.8,1515,41.1,26.5
machine_01,M,298.1,308.8,1520,41.7,26.5
machine_01,M,298.1,308.8,1525,42.3,26.5
machine_01,M,298.1,308.8,1529,42.9,26.5
machine_01,M,298.1,308.8,1533,43.5,26.6
machine_01,M,298.1,308.8,1536,44.0,26.6
machine_01,M,298.1,308.8,1540,44.6,26.6
machine_01,M,298.1,308.8,1532,45.2,26.6
machine_01,M,298.1,308.8,1534,43.9,26.6
machine_01,M,298.1,308.8,1536,44.4,26.7
machine_01,M,298.1,308.8,1538,45.0,26.7
machine_01,M,298.1,308.8,1539,45.5,26.7
machine_01,M,298.1,308.8,1540,45.9,26.7
machine_01,M,298.2,308.8,1540,46.4,26.7
machine_01,M,298.2,308.8,1540,46.9,26.8
machine_01,M,298.2,308.8,1540,47.3,26.8
machine_01,M,298.2,308.8,1539,47.7,26.8
machine_01,M,298.2,308.8,1537,46.3,26.8
machine_01,M,298.2,308.8,1525,46.7,26.8
machine_01,M,298.2,308.8,1523,47.1,26.9
machine_01,M,298.2,308.8,1521,47.4,26.9
machine_01,M,298.2,308.9,1518,47.7,26.9
machine_01,M,298.2,308.9,1515,48.0,26.9
machine_01,M,298.2,308.9,1512,48.3,26.9
machine_01,M,298.2,308.9,1509,48.6,27.0
machine_01,M,298.2,308.9,1506,48.8,27.0
machine_01,M,298.2,308.9,1503,47.2,27.0
machine_01,M,298.2,308.9,1500,47.4,27.0
machine_01,M,298.2,308.9,1497,47.6,27.0
machine_01,M,298.2,308.9,1483,47.7,27.1
machine_01,M,298.2,308.9,1480,47.8,27.1
machine_01,M,298.2,308.9,1477,47.9,27.1
machine_01,M,298.2,308.9,1474,48.0,27.1
machine_01,M,298.2,308.9,1472,48.1,27.1
machine_01,M,298.2,308.9,1470,48.1,27.2
machine_01,M,298.2,308.9,1469,46.3,27.2
machine_01,M,298.2,308.9,1467,46.3,27.2
machine_01,M,298.2,308.9,1466,46.3,27.2
machine_01,M,298.2,308.9,1466,46.3,27.2
machine_01,M,298.2,308.9,1466,46.2,27.3
machine_01,M,298.2,308.9,1455,46.1,27.3
machine_01,M,298.2,308.9,1456,46.1,27.3
machine_01,M,298.2,308.9,1457,46.0,27.3
machine_01,M,298.2,308.9,1459,45.8,27.3
machine_01,M,298.3,308.9,1461,43.9,27.4
machine_01,M,298.3,308.9,1463,43.8,27.4
machine_01,M,298.3,308.9,1466,43.6,27.4
machine_01,M,298.3,308.9,1470,43.4,27.4
machine_01,M,298.3,308.9,1473,43.3,27.4
machine_01,M,298.3,308.9,1477,43.1,27.5
machine_01,M,298.3,308.9,1481,42.9,27.5
machine_01,M,298.3,308.9,1475,42.7,27.5
machine_01,M,298.3,308.9,1480,42.5,27.5
machine_01,M,298.3,308.9,1485,40.5,27.5
machine_01,M,298.3,308.9,1490,40.2,27.6
machine_01,M,298.3,308.9,1495,40.0,27.6
machine_01,M,298.3,308.9,1500,39.8,27.6
machine_01,M,298.3,308.9,1505,39.6,27.6
machine_01,M,298.3,308.9,1510,39.4,27.6
machine_01,M,298.3,308.9,1515,39.1,27.7
machine_01,M,298.3,309.0,1520,38.9,27.7
machine_01,M,298.3,309.0,1525,38.7,27.7
machine_01,M,298.3,309.0,1519,36.7,27.7
machine_01,M,298.3,309.0,1523,36.5,27.7
machine_01,M,298.3,309.0,1527,36.3,27.8
machine_01,M,298.3,309.0,1530,36.2,27.8
machine_01,M,298.3,309.0,1534,36.0,27.8
machine_01,M,298.3,309.0,1537,35.8,27.8
machine_01,M,298.3,309.0,1539,35.7,27.8
machine_01,M,298.3,309.0,1541,35.6,27.9
machine_01,M,298.3,309.0,1543,35.4,27.9
machine_01,M,298.3,309.0,1544,33.5,27.9
machine_01,M,298.3,309.0,1545,33.5,27.9
machine_01,M,298.4,309.0,1534,33.4,27.9
machine_01,M,298.4,309.0,1534,33.3,28.0
machine_01,M,298.4,309.0,1534,33.3,28.0
machine_01,M,298.4,309.0,1533,33.3,28.0
machine_01,M,298.4,309.0,1531,33.3,28.0
machine_01,M,298.4,309.0,1530,33.3,28.0
machine_01,M,298.4,309.0,1528,33.3,28.1
machine_01,M,298.4,309.0,1526,31.6,28.1
machine_01,M,298.4,309.0,1523,31.7,28.1
machine_01,M,298.4,309.0,1520,31.8,28.1
machine_01,M,298.4,309.0,1517,31.9,28.1
machine_01,M,298.4,309.0,1503,32.0,28.2
machine_01,M,298.4,309.0,1500,32.2,28.2
machine_01,M,298.4,309.0,1497,32.4,28.2
machine_01,M,298.4,309.0,1494,32.6,28.2
machine_01,M,298.4,309.0,1491,32.8,28.2
machine_01,M,298.4,309.0,1488,31.3,28.3
machine_01,M,298.4,309.0,1485,31.6,28.3
machine_01,M,298.4,309.0,1482,31.9,28.3
machine_01,M,298.4,309.0,1479,32.2,28.3
machine_01,M,298.4,309.0,1477,32.5,28.3
machine_01,M,298.4,309.0,1475,32.9,28.4
machine_01,M,298.4,309.0,1463,33.3,28.4
machine_01,M,298.4,309.0,1461,33.7,28.4
machine_01,M,298.4,309.0,1460,34.1,28.4
machine_01,M,298.4,309.0,1460,32.7,28.4
machine_01,M,298.4,309.0,1460,33.2,28.5
machine_01,M,298.4,309.1,1460,33.7,28.5
machine_01,M,298.4,309.1,1461,34.1,28.5
machine_01,M,298.5,309.1,1462,34.6,28.5
machine_01,M,298.5,309.1,1464,35.2,28.5
machine_01,M,298.5,309.1,1466,35.7,28.6
machine_01,M,298.5,309.1,1468,36.2,28.6
machine_01,M,298.5,309.1,1460,36.8,28.6
machine_01,M,298.5,309.1,1464,35.6,28.6
machine_01,M,298.5,309.1,1467,36.1,28.6
machine_01,M,298.5,309.1,1471,36.7,28.7
machine_01,M,298.5,309.1,1475,37.3,28.7
machine_01,M,298.5,309.1,1480,37.9,28.7
machine_01,M,298.5,309.1,1485,38.5,28.7
machine_01,M,298.5,309.1,1490,39.1,28.7
machine_01,M,298.5,309.1,1495,39.8,28.8
machine_01,M,298.5,309.1,1500,40.4,28.8
